Siglas de la Institución,Importe del contrato
IMSS,4948.27279672
ISSSTE,3710.989465267
INSABI,957.74324501
SEMAR,634.997801117
QRO,169.95299394
IPN,167.61307511
AGS,141.19991259
INCARD,129.304064975
INP,100.79620025999999
SEDENA,96.61734769
