Siglas de la Institución,Importe del contrato
MOR,131927177.35
MICH,172134781.2
IMSSBIENESTAR,173779746.0
PUE,175196635.57999998
SSN,177474818.92
SEMAR,245762927.832844
ISSSTE,922116537.36
SEDENA,1714884194.0485
INSABI,2301565728.89
IMSS,6674032790.9674
