Siglas de la Institución,Importe del contrato
IMSS,2554.81946232752
ISSSTE,1122.36944571
INSABI,898.96874851
SEDENA,560.54341259148
SEMAR,221.229999204
INNN,139.8055555443
INER,134.49535206000002
INCARD,114.85670400999999
NL,96.2365024
PUE,67.56461036
