Siglas de la Institución,Importe del contrato
IMSS,9816.581608970208
SEDENA,2750.60788328648
IMSSBIENESTAR,1197.16609455
ISSSTE,1093.50086366
SEMAR,536.4279033463
HGO,309.40578736000003
INCAN,244.88705867000002
GTO,209.4070971614
PUE,187.8500037
SADM,180.75167280000002
