Siglas de la Institución,Importe del contrato
PUE,67564610.36
NL,96236502.4
INCARD,114856704.00999999
INER,134495352.06
INNN,139805555.54430002
SEMAR,221229999.204
SEDENA,560543412.59148
INSABI,898968748.51
ISSSTE,1122369445.71
IMSS,2554819462.32752
