Siglas de la Institución,Importe del contrato
SADM,180751672.8
PUE,187850003.7
GTO,209407097.1614
INCAN,244887058.67000002
HGO,309405787.36
SEMAR,536427903.3463
ISSSTE,1093500863.66
IMSSBIENESTAR,1197166094.55
SEDENA,2750607883.28648
IMSS,9816581608.970207
