Siglas de la Institución,Importe del contrato
IMSS,9547.0895795
IMSSBIENESTAR,1759.0117246099999
SEDENA,333.07389116
ISSSTE,295.97274584
SEMAR,89.14192658
ANAM,62.03821
GRO,43.498312
SENASICA,42.99031103
CINVESTAV,41.34692212
IMP,32.519705634
