Siglas de la Institución,Importe del contrato
IMSS,6674.0327909674
INSABI,2301.5657288899997
SEDENA,1714.8841940485001
ISSSTE,922.11653736
SEMAR,245.76292783284399
SSN,177.47481892
PUE,175.19663558
IMSSBIENESTAR,173.779746
MICH,172.1347812
MOR,131.92717735
