Siglas de la Institución,Importe del contrato
IMSSBIENESTAR,307.78463977999996
IMSS,188.79559242
SEDENA,34.00088292
CINVESTAV,24.21183452
HIM,17.968926
INCAN,13.171019710000001
INER,11.21493069
IMP,9.93597301
IPN,9.25302864
INCMNSZ,4.1496637
